pattern,num_sites,total_energy
nm,4,-5138.26497146
f-type,4,-5138.35315397
a-type,4,-5138.28456977
g-type,4,-5138.32015511